numero,frequence
21,71
35,70
34,66
42,65
16,63
10,62
20,62
29,61
19,60
17,58
23,58
2,58
12,58
46,57
11,57
37,56
27,56
7,56
45,55
33,55
48,55
24,55
25,55
32,54
15,54
50,53
47,53
13,53
44,53
36,52
14,52
38,52
41,52
9,51
6,51
26,51
28,51
18,49
5,49
3,48
49,48
30,47
40,47
4,46
8,46
39,45
31,44
43,41
1,38
22,36
